student_id,grade,favorite_subject,pet,minutes_reading,minutes_gaming,hours_sleep
S001,6,Science,fish,11,18,9.3
S002,6,Art,hamster,12,129,6.9
S003,6,History,fish,13,61,6.4
S004,7,Math,hamster,20,57,8.5
S005,6,PE,hamster,55,12,9.9
S006,6,PE,cat,42,107,6.6
S007,6,PE,none,28,26,8.3
S008,6,Art,dog,75,16,8.3
S009,6,History,hamster,59,80,7.9
S010,7,Art,none,36,46,8.8
S011,6,Math,hamster,43,134,8.0
S012,6,Music,fish,41,155,9.9
S013,6,PE,fish,26,87,6.6
S014,7,History,dog,14,142,8.3
S015,6,Art,none,68,148,9.2
S016,6,Math,none,65,178,8.7
S017,6,Music,none,62,72,8.9
S018,6,Math,fish,50,43,8.4
S019,7,Math,cat,41,33,9.0
S020,7,History,fish,15,42,7.8
S021,6,Science,fish,75,71,8.8
S022,6,Music,fish,34,38,6.3
S023,6,Science,cat,6,124,9.3
S024,6,Art,none,5,37,7.7
S025,6,PE,hamster,45,32,8.8
S026,6,History,hamster,55,101,7.6
S027,6,History,fish,12,48,6.3
S028,6,History,cat,19,87,8.4
S029,6,Math,hamster,24,137,6.4
S030,6,PE,dog,14,53,8.5
S031,6,Music,none,49,154,7.5
S032,6,Math,fish,64,122,7.9
S033,6,Science,dog,48,67,7.9
S034,6,PE,dog,31,135,7.4
S035,6,PE,none,16,178,9.4
S036,6,Science,none,33,136,8.2
S037,6,Music,cat,29,61,9.3
S038,6,Science,hamster,68,91,8.9
S039,6,Art,fish,38,49,8.8
S040,6,History,none,51,20,6.9